{
  "project_info": {
    "project_number": "1079865907228",
    "project_id": "new-app-spin",
    "storage_bucket": "new-app-spin.appspot.com"
  },
  "client": [
    {
      "client_info": {
        "mobilesdk_app_id": "1:1079865907228:android:88812905cd29b2341227d9",
        "android_client_info": {
          "package_name": "com.cxzcodes.newappspin"
        }
      },
      "oauth_client": [],
      "api_key": [
        {
          "current_key": "AIzaSyAhnzcehKzpKYmQFYi4640dgya_JtgtCXs"
        }
      ],
      "services": {
        "appinvite_service": {
          "other_platform_oauth_client": []
        }
      }
    }
  ],
  "configuration_version": "1"
}